{
	"carName": "audi_r8_lms_evo_ii",
	"basicSetup":
	{
		"tyres":
		{
			"tyreCompound": 0,
			"tyrePressure": [ 51, 51, 50, 48 ]
		},
		"alignment":
		{
			"camber": [ 0, 0, 0, 0 ],
			"toe": [ 25, 25, 25, 25 ],
			"staticCamber": [ -4.178870677947998, -4.178870677947998, -3.5114550590515137, -3.5129079818725586 ],
			"toeOutLinear": [ 0.00051435676869004965, 0.000514333660248667, -0.00048088902258314192, -0.00048088637413457036 ],
			"casterLF": 34,
			"casterRF": 34,
			"steerRatio": 2
		},
		"electronics":
		{
			"tC1": 1,
			"tC2": 0,
			"abs": 2,
			"eCUMap": 0,
			"fuelMix": 0,
			"telemetryLaps": 6
		},
		"strategy":
		{
			"fuel": 10,
			"nPitStops": 0,
			"tyreSet": 9,
			"frontBrakePadCompound": 3,
			"rearBrakePadCompound": 3,
			"pitStrategy": [
				{
					"fuelToAdd": 0,
					"tyres":
					{
						"tyreCompound": 0,
						"tyrePressure": [ 56, 56, 53, 54 ]
					},
					"tyreSet": 2,
					"frontBrakePadCompound": 1,
					"rearBrakePadCompound": 1
				}
			],
			"fuelPerLap": 2.6050565242767334
		}
	},
	"advancedSetup":
	{
		"mechanicalBalance":
		{
			"aRBFront": 3,
			"aRBRear": 1,
			"wheelRate": [ 1, 1, 0, 0 ],
			"bumpStopRateUp": [ 0, 0, 0, 0 ],
			"bumpStopRateDn": [ 0, 0, 10, 10 ],
			"bumpStopWindow": [ 12, 12, 16, 16 ],
			"brakeTorque": 20,
			"brakeBias": 18
		},
		"dampers":
		{
			"bumpSlow": [ 10, 10, 12, 12 ],
			"bumpFast": [ 5, 5, 6, 6 ],
			"reboundSlow": [ 30, 30, 35, 35 ],
			"reboundFast": [ 30, 30, 35, 35 ]
		},
		"aeroBalance":
		{
			"rideHeight": [ 0, 6, 14, 18 ],
			"rodLength": [ 28.418994903564453, 28.418994903564453, 20.326778411865234, 20.326778411865234 ],
			"splitter": 0,
			"rearWing": 5,
			"brakeDuct": [ 3, 3 ]
		},
		"drivetrain":
		{
			"preload": 5
		}
	},
	"trackBopType": 45
}