{
	"carName": "audi_r8_lms_evo_ii",
	"basicSetup":
	{
		"tyres":
		{
			"tyreCompound": 0,
			"tyrePressure": [ 51, 50, 49, 50 ]
		},
		"alignment":
		{
			"camber": [ 0, 0, 0, 0 ],
			"toe": [ 0, 0, 40, 40 ],
			"staticCamber": [ -4.272364616394043, -4.2730331420898438, -3.5614516735076904, -3.5607295036315918 ],
			"toeOutLinear": [ 0.0011392279993742704, 0.0011392501182854176, -1.3752362065133639e-05, -1.3766696611128282e-05 ],
			"casterLF": 34,
			"casterRF": 34,
			"steerRatio": 3
		},
		"electronics":
		{
			"tC1": 1,
			"tC2": 0,
			"abs": 3,
			"eCUMap": 0,
			"fuelMix": 0,
			"telemetryLaps": 50
		},
		"strategy":
		{
			"fuel": 9,
			"nPitStops": 0,
			"tyreSet": 11,
			"frontBrakePadCompound": 0,
			"rearBrakePadCompound": 0,
			"pitStrategy": [
				{
					"fuelToAdd": 0,
					"tyres":
					{
						"tyreCompound": 0,
						"tyrePressure": [ 47, 53, 47, 52 ]
					},
					"tyreSet": 2,
					"frontBrakePadCompound": 1,
					"rearBrakePadCompound": 1
				}
			],
			"fuelPerLap": 2.5266811847686768
		}
	},
	"advancedSetup":
	{
		"mechanicalBalance":
		{
			"aRBFront": 4,
			"aRBRear": 0,
			"wheelRate": [ 5, 5, 0, 0 ],
			"bumpStopRateUp": [ 0, 0, 0, 0 ],
			"bumpStopRateDn": [ 0, 0, 10, 10 ],
			"bumpStopWindow": [ 10, 10, 30, 30 ],
			"brakeTorque": 20,
			"brakeBias": 30
		},
		"dampers":
		{
			"bumpSlow": [ 4, 4, 0, 0 ],
			"bumpFast": [ 0, 0, 0, 0 ],
			"reboundSlow": [ 40, 40, 40, 40 ],
			"reboundFast": [ 49, 49, 49, 49 ]
		},
		"aeroBalance":
		{
			"rideHeight": [ 2, 6, 20, 18 ],
			"rodLength": [ 24.635337829589844, 24.635337829589844, 26.308151245117188, 26.308151245117188 ],
			"splitter": 0,
			"rearWing": 5,
			"brakeDuct": [ 3, 3 ]
		},
		"drivetrain":
		{
			"preload": 6
		}
	},
	"trackBopType": 45
}