{
	"carName": "audi_r8_lms_evo_ii",
	"basicSetup":
	{
		"tyres":
		{
			"tyreCompound": 0,
			"tyrePressure": [ 47, 58, 42, 52 ]
		},
		"alignment":
		{
			"camber": [ 0, 0, 0, 0 ],
			"toe": [ 13, 13, 46, 46 ],
			"staticCamber": [ -4.2169160842895508, -4.209052562713623, -3.5594637393951416, -3.551558256149292 ],
			"toeOutLinear": [ 0.00079189863754436374, 0.00079191889381036162, 0.00017719343304634094, 0.00017719143943395466 ],
			"casterLF": 34,
			"casterRF": 34,
			"steerRatio": 2
		},
		"electronics":
		{
			"tC1": 2,
			"tC2": 0,
			"abs": 2,
			"eCUMap": 0,
			"fuelMix": 0,
			"telemetryLaps": 6
		},
		"strategy":
		{
			"fuel": 10,
			"nPitStops": 0,
			"tyreSet": 23,
			"frontBrakePadCompound": 0,
			"rearBrakePadCompound": 0,
			"pitStrategy": [
				{
					"fuelToAdd": 0,
					"tyres":
					{
						"tyreCompound": 0,
						"tyrePressure": [ 56, 56, 53, 54 ]
					},
					"tyreSet": 2,
					"frontBrakePadCompound": 1,
					"rearBrakePadCompound": 1
				}
			],
			"fuelPerLap": 2.2835121154785156
		}
	},
	"advancedSetup":
	{
		"mechanicalBalance":
		{
			"aRBFront": 4,
			"aRBRear": 2,
			"wheelRate": [ 3, 3, 0, 0 ],
			"bumpStopRateUp": [ 3, 3, 0, 0 ],
			"bumpStopRateDn": [ 0, 0, 10, 10 ],
			"bumpStopWindow": [ 8, 8, 44, 44 ],
			"brakeTorque": 20,
			"brakeBias": 42
		},
		"dampers":
		{
			"bumpSlow": [ 10, 10, 13, 13 ],
			"bumpFast": [ 7, 7, 1, 1 ],
			"reboundSlow": [ 30, 30, 37, 37 ],
			"reboundFast": [ 37, 37, 49, 49 ]
		},
		"aeroBalance":
		{
			"rideHeight": [ 0, 6, 21, 18 ],
			"rodLength": [ 23.956527709960938, 23.956527709960938, 27.073265075683594, 27.073265075683594 ],
			"splitter": 0,
			"rearWing": 5,
			"brakeDuct": [ 3, 3 ]
		},
		"drivetrain":
		{
			"preload": 0
		}
	},
	"trackBopType": 36
}