{
	"carName": "mclaren_720s_gt3",
	"basicSetup":
	{
		"tyres":
		{
			"tyreCompound": 0,
			"tyrePressure": [ 50, 58, 45, 54 ]
		},
		"alignment":
		{
			"camber": [ 0, 0, 5, 5 ],
			"toe": [ 29, 29, 29, 29 ],
			"staticCamber": [ -4.6190090179443359, -4.6142129898071289, -3.7286133766174316, -3.722360372543335 ],
			"toeOutLinear": [ 0.0017502818955108523, 0.0017503841081634164, 0.00057948188623413444, 0.00057945976732298732 ],
			"casterLF": 11,
			"casterRF": 11,
			"steerRatio": 1
		},
		"electronics":
		{
			"tC1": 1,
			"tC2": 6,
			"abs": 3,
			"eCUMap": 0,
			"fuelMix": 0,
			"telemetryLaps": 99
		},
		"strategy":
		{
			"fuel": 39,
			"nPitStops": 0,
			"tyreSet": 0,
			"frontBrakePadCompound": 1,
			"rearBrakePadCompound": 1,
			"pitStrategy": [
				{
					"fuelToAdd": 0,
					"tyres":
					{
						"tyreCompound": 0,
						"tyrePressure": [ 50, 58, 45, 54 ]
					},
					"tyreSet": 2,
					"frontBrakePadCompound": 1,
					"rearBrakePadCompound": 1
				}
			],
			"fuelPerLap": 3.5499999523162842
		}
	},
	"advancedSetup":
	{
		"mechanicalBalance":
		{
			"aRBFront": 9,
			"aRBRear": 7,
			"wheelRate": [ 3, 3, 5, 5 ],
			"bumpStopRateUp": [ 5, 5, 2, 2 ],
			"bumpStopRateDn": [ 0, 0, 10, 10 ],
			"bumpStopWindow": [ 5, 5, 53, 53 ],
			"brakeTorque": 20,
			"brakeBias": 55
		},
		"dampers":
		{
			"bumpSlow": [ 30, 30, 10, 10 ],
			"bumpFast": [ 16, 16, 10, 10 ],
			"reboundSlow": [ 24, 24, 32, 32 ],
			"reboundFast": [ 18, 18, 20, 20 ]
		},
		"aeroBalance":
		{
			"rideHeight": [ 3, 6, 5, 18 ],
			"rodLength": [ 60.333473205566406, 60.333473205566406, 33.220321655273438, 33.220321655273438 ],
			"splitter": 0,
			"rearWing": 4,
			"brakeDuct": [ 4, 3 ]
		},
		"drivetrain":
		{
			"preload": 6
		}
	},
	"trackBopType": 27
}