{
	"carName": "mclaren_720s_gt3_evo",
	"basicSetup":
	{
		"tyres":
		{
			"tyreCompound": 0,
			"tyrePressure": [ 54, 60, 39, 49 ]
		},
		"alignment":
		{
			"camber": [ 0, 0, 0, 0 ],
			"toe": [ 43, 43, 22, 22 ],
			"staticCamber": [ -4.6192011833190918, -4.6156635284423828, -4.3446683883666992, -4.3380374908447266 ],
			"toeOutLinear": [ 0.0016063430812209845, 0.0016063391231000423, 0.00040843014721758664, 0.00040843235910870135 ],
			"casterLF": 34,
			"casterRF": 34,
			"steerRatio": 0
		},
		"electronics":
		{
			"tC1": 4,
			"tC2": 0,
			"abs": 3,
			"eCUMap": 0,
			"fuelMix": 0,
			"telemetryLaps": 0
		},
		"strategy":
		{
			"fuel": 13,
			"nPitStops": 0,
			"tyreSet": 2,
			"frontBrakePadCompound": 0,
			"rearBrakePadCompound": 0,
			"pitStrategy": [
				{
					"fuelToAdd": 0,
					"tyres":
					{
						"tyreCompound": 0,
						"tyrePressure": [ 59, 65, 47, 51 ]
					},
					"tyreSet": 0,
					"frontBrakePadCompound": 1,
					"rearBrakePadCompound": 1
				}
			],
			"fuelPerLap": 3.2882893085479736
		}
	},
	"advancedSetup":
	{
		"mechanicalBalance":
		{
			"aRBFront": 8,
			"aRBRear": 3,
			"wheelRate": [ 3, 3, 2, 2 ],
			"bumpStopRateUp": [ 7, 7, 11, 11 ],
			"bumpStopRateDn": [ 0, 0, 10, 10 ],
			"bumpStopWindow": [ 1, 1, 15, 15 ],
			"brakeTorque": 20,
			"brakeBias": 12
		},
		"dampers":
		{
			"bumpSlow": [ 22, 22, 24, 24 ],
			"bumpFast": [ 22, 22, 22, 22 ],
			"reboundSlow": [ 18, 18, 28, 28 ],
			"reboundFast": [ 30, 30, 31, 31 ]
		},
		"aeroBalance":
		{
			"rideHeight": [ 4, 6, 0, 18 ],
			"rodLength": [ 55.525566101074219, 55.525566101074219, 32.133838653564453, 32.133838653564453 ],
			"splitter": 0,
			"rearWing": 1,
			"brakeDuct": [ 3, 2 ]
		},
		"drivetrain":
		{
			"preload": 0
		}
	},
	"trackBopType": 31
}