{
	"carName": "mclaren_720s_gt3",
	"basicSetup":
	{
		"tyres":
		{
			"tyreCompound": 1,
			"tyrePressure": [ 74, 76, 76, 78 ]
		},
		"alignment":
		{
			"camber": [ 20, 20, 25, 25 ],
			"toe": [ 0, 0, 25, 25 ],
			"staticCamber": [ -2.6319918632507324, -2.6311209201812744, -1.9232197999954224, -1.9218634366989136 ],
			"toeOutLinear": [ 0.0022295820526778698, 0.0022295855451375246, 0.00052731879986822605, 0.00052728742593899369 ],
			"casterLF": 5,
			"casterRF": 5,
			"steerRatio": 2
		},
		"electronics":
		{
			"tC1": 4,
			"tC2": 6,
			"abs": 7,
			"eCUMap": 7,
			"fuelMix": 0,
			"telemetryLaps": 99
		},
		"strategy":
		{
			"fuel": 28,
			"nPitStops": 0,
			"tyreSet": 4,
			"frontBrakePadCompound": 2,
			"rearBrakePadCompound": 2,
			"pitStrategy": [
				{
					"fuelToAdd": 0,
					"tyres":
					{
						"tyreCompound": 0,
						"tyrePressure": [ 46, 54, 46, 54 ]
					},
					"tyreSet": 2,
					"frontBrakePadCompound": 0,
					"rearBrakePadCompound": 0
				}
			],
			"fuelPerLap": 2.4330892562866211
		}
	},
	"advancedSetup":
	{
		"mechanicalBalance":
		{
			"aRBFront": 3,
			"aRBRear": 1,
			"wheelRate": [ 3, 3, 2, 2 ],
			"bumpStopRateUp": [ 0, 0, 2, 2 ],
			"bumpStopRateDn": [ 0, 0, 10, 10 ],
			"bumpStopWindow": [ 2, 2, 50, 50 ],
			"brakeTorque": 20,
			"brakeBias": 24
		},
		"dampers":
		{
			"bumpSlow": [ 3, 2, 17, 17 ],
			"bumpFast": [ 27, 27, 33, 33 ],
			"reboundSlow": [ 3, 2, 22, 22 ],
			"reboundFast": [ 23, 24, 30, 30 ]
		},
		"aeroBalance":
		{
			"rideHeight": [ 6, 6, 12, 18 ],
			"rodLength": [ 60.964668273925781, 60.964668273925781, 42.826820373535156, 42.826820373535156 ],
			"splitter": 0,
			"rearWing": 7,
			"brakeDuct": [ 2, 2 ]
		},
		"drivetrain":
		{
			"preload": 1
		}
	},
	"trackBopType": 37
}