{
	"carName": "audi_r8_lms_evo_ii",
	"basicSetup":
	{
		"tyres":
		{
			"tyreCompound": 0,
			"tyrePressure": [ 51, 57, 47, 52 ]
		},
		"alignment":
		{
			"camber": [ 0, 0, 0, 0 ],
			"toe": [ 7, 7, 30, 30 ],
			"staticCamber": [ -4.2807822227478027, -4.2768325805664063, -3.6621110439300537, -3.6585309505462646 ],
			"toeOutLinear": [ 0.0010049260454252362, 0.0010049158008769155, -0.00035469557042233646, -0.00035470174043439329 ],
			"casterLF": 34,
			"casterRF": 34,
			"steerRatio": 2
		},
		"electronics":
		{
			"tC1": 2,
			"tC2": 0,
			"abs": 2,
			"eCUMap": 0,
			"fuelMix": 0,
			"telemetryLaps": 6
		},
		"strategy":
		{
			"fuel": 10,
			"nPitStops": 0,
			"tyreSet": 0,
			"frontBrakePadCompound": 0,
			"rearBrakePadCompound": 0,
			"pitStrategy": [
				{
					"fuelToAdd": 0,
					"tyres":
					{
						"tyreCompound": 0,
						"tyrePressure": [ 56, 56, 53, 54 ]
					},
					"tyreSet": 2,
					"frontBrakePadCompound": 1,
					"rearBrakePadCompound": 1
				}
			],
			"fuelPerLap": 2.5539836883544922
		}
	},
	"advancedSetup":
	{
		"mechanicalBalance":
		{
			"aRBFront": 4,
			"aRBRear": 1,
			"wheelRate": [ 0, 0, 0, 0 ],
			"bumpStopRateUp": [ 18, 18, 0, 0 ],
			"bumpStopRateDn": [ 0, 0, 10, 10 ],
			"bumpStopWindow": [ 0, 0, 4, 4 ],
			"brakeTorque": 20,
			"brakeBias": 35
		},
		"dampers":
		{
			"bumpSlow": [ 10, 10, 13, 13 ],
			"bumpFast": [ 7, 7, 1, 1 ],
			"reboundSlow": [ 30, 30, 37, 37 ],
			"reboundFast": [ 37, 37, 35, 35 ]
		},
		"aeroBalance":
		{
			"rideHeight": [ 5, 6, 24, 18 ],
			"rodLength": [ 36.296733856201172, 36.296733856201172, 29.931613922119141, 29.931613922119141 ],
			"splitter": 0,
			"rearWing": 5,
			"brakeDuct": [ 3, 3 ]
		},
		"drivetrain":
		{
			"preload": 0
		}
	},
	"trackBopType": 28
}