{
	"carName": "porsche_991ii_gt3_r",
	"basicSetup":
	{
		"tyres":
		{
			"tyreCompound": 0,
			"tyrePressure": [ 66, 73, 60, 66 ]
		},
		"alignment":
		{
			"camber": [ 2, 2, 3, 3 ],
			"toe": [ 35, 35, 45, 45 ],
			"staticCamber": [ -4.8998327255249023, -4.8970317840576172, 0.1153416708111763, 0.12067769467830658 ],
			"toeOutLinear": [ -9.1534209786914289e-05, -9.153050632448867e-05, -0.0055357613600790501, -0.0055355234071612358 ],
			"casterLF": 11,
			"casterRF": 11,
			"steerRatio": 4
		},
		"electronics":
		{
			"tC1": 4,
			"tC2": 4,
			"abs": 3,
			"eCUMap": 7,
			"fuelMix": 0,
			"telemetryLaps": 0
		},
		"strategy":
		{
			"fuel": 0,
			"nPitStops": 0,
			"tyreSet": 0,
			"frontBrakePadCompound": 0,
			"rearBrakePadCompound": 0,
			"pitStrategy": [
				{
					"fuelToAdd": 0,
					"tyres":
					{
						"tyreCompound": 0,
						"tyrePressure": [ 66, 73, 60, 66 ]
					},
					"tyreSet": 2,
					"frontBrakePadCompound": 0,
					"rearBrakePadCompound": 0
				}
			],
			"fuelPerLap": 3.6142044067382813
		}
	},
	"advancedSetup":
	{
		"mechanicalBalance":
		{
			"aRBFront": 2,
			"aRBRear": 2,
			"wheelRate": [ 5, 5, 3, 3 ],
			"bumpStopRateUp": [ 8, 9, 2, 2 ],
			"bumpStopRateDn": [ 0, 0, 10, 10 ],
			"bumpStopWindow": [ 0, 0, 50, 50 ],
			"brakeTorque": 20,
			"brakeBias": 65
		},
		"dampers":
		{
			"bumpSlow": [ 8, 8, 7, 7 ],
			"bumpFast": [ 1, 1, 1, 1 ],
			"reboundSlow": [ 6, 6, 7, 7 ],
			"reboundFast": [ 3, 3, 2, 2 ]
		},
		"aeroBalance":
		{
			"rideHeight": [ 1, 11, 9, 18 ],
			"rodLength": [ 50.362724304199219, 50.362724304199219, -55.755161285400391, -55.755161285400391 ],
			"splitter": 0,
			"rearWing": 1,
			"brakeDuct": [ 4, 3 ]
		},
		"drivetrain":
		{
			"preload": 8
		}
	},
	"trackBopType": 32
}