{
	"carName": "audi_r8_lms_evo_ii",
	"basicSetup":
	{
		"tyres":
		{
			"tyreCompound": 0,
			"tyrePressure": [ 54, 52, 50, 49 ]
		},
		"alignment":
		{
			"camber": [ 0, 0, 0, 0 ],
			"toe": [ 10, 10, 50, 50 ],
			"staticCamber": [ -4.2217645645141602, -4.2230954170227051, -3.5699551105499268, -3.5706844329833984 ],
			"toeOutLinear": [ 0.00087395607260987163, 0.00087395054288208485, 0.00030553102260455489, 0.0003055284614674747 ],
			"casterLF": 34,
			"casterRF": 34,
			"steerRatio": 2
		},
		"electronics":
		{
			"tC1": 1,
			"tC2": 0,
			"abs": 2,
			"eCUMap": 0,
			"fuelMix": 0,
			"telemetryLaps": 8
		},
		"strategy":
		{
			"fuel": 44,
			"nPitStops": 0,
			"tyreSet": 0,
			"frontBrakePadCompound": 0,
			"rearBrakePadCompound": 0,
			"pitStrategy": [
				{
					"fuelToAdd": 0,
					"tyres":
					{
						"tyreCompound": 0,
						"tyrePressure": [ 56, 56, 53, 54 ]
					},
					"tyreSet": 2,
					"frontBrakePadCompound": 1,
					"rearBrakePadCompound": 1
				}
			],
			"fuelPerLap": 2.8364391326904297
		}
	},
	"advancedSetup":
	{
		"mechanicalBalance":
		{
			"aRBFront": 4,
			"aRBRear": 0,
			"wheelRate": [ 5, 5, 0, 0 ],
			"bumpStopRateUp": [ 1, 1, 0, 0 ],
			"bumpStopRateDn": [ 0, 0, 10, 10 ],
			"bumpStopWindow": [ 6, 6, 18, 18 ],
			"brakeTorque": 20,
			"brakeBias": 25
		},
		"dampers":
		{
			"bumpSlow": [ 15, 15, 0, 0 ],
			"bumpFast": [ 0, 0, 5, 5 ],
			"reboundSlow": [ 40, 40, 40, 40 ],
			"reboundFast": [ 0, 0, 49, 49 ]
		},
		"aeroBalance":
		{
			"rideHeight": [ 0, 6, 23, 18 ],
			"rodLength": [ 22.567287445068359, 22.567287445068359, 29.520565032958984, 29.520565032958984 ],
			"splitter": 0,
			"rearWing": 5,
			"brakeDuct": [ 3, 3 ]
		},
		"drivetrain":
		{
			"preload": 0
		}
	},
	"trackBopType": 44
}