{
	"carName": "audi_r8_lms_evo_ii",
	"basicSetup":
	{
		"tyres":
		{
			"tyreCompound": 0,
			"tyrePressure": [ 49, 52, 45, 46 ]
		},
		"alignment":
		{
			"camber": [ 0, 0, 0, 0 ],
			"toe": [ 10, 10, 56, 56 ],
			"staticCamber": [ -4.2465605735778809, -4.2444581985473633, -3.5101683139801025, -3.5093851089477539 ],
			"toeOutLinear": [ 0.00089599605416879058, 0.00089596281759440899, 0.00050461135106161237, 0.00050461356295272708 ],
			"casterLF": 34,
			"casterRF": 34,
			"steerRatio": 2
		},
		"electronics":
		{
			"tC1": 2,
			"tC2": 0,
			"abs": 3,
			"eCUMap": 0,
			"fuelMix": 0,
			"telemetryLaps": 5
		},
		"strategy":
		{
			"fuel": 108,
			"nPitStops": 0,
			"tyreSet": 1,
			"frontBrakePadCompound": 0,
			"rearBrakePadCompound": 0,
			"pitStrategy": [
				{
					"fuelToAdd": 0,
					"tyres":
					{
						"tyreCompound": 0,
						"tyrePressure": [ 45, 59, 49, 62 ]
					},
					"tyreSet": 2,
					"frontBrakePadCompound": 1,
					"rearBrakePadCompound": 1
				}
			],
			"fuelPerLap": 3.0020961761474609
		}
	},
	"advancedSetup":
	{
		"mechanicalBalance":
		{
			"aRBFront": 4,
			"aRBRear": 0,
			"wheelRate": [ 3, 3, 0, 0 ],
			"bumpStopRateUp": [ 16, 16, 2, 2 ],
			"bumpStopRateDn": [ 0, 0, 10, 10 ],
			"bumpStopWindow": [ 10, 10, 36, 36 ],
			"brakeTorque": 20,
			"brakeBias": 35
		},
		"dampers":
		{
			"bumpSlow": [ 21, 21, 25, 25 ],
			"bumpFast": [ 28, 28, 28, 28 ],
			"reboundSlow": [ 36, 36, 36, 36 ],
			"reboundFast": [ 33, 33, 40, 40 ]
		},
		"aeroBalance":
		{
			"rideHeight": [ 2, 6, 20, 18 ],
			"rodLength": [ 27.181259155273438, 27.181259155273438, 28.969730377197266, 28.969730377197266 ],
			"splitter": 0,
			"rearWing": 5,
			"brakeDuct": [ 3, 4 ]
		},
		"drivetrain":
		{
			"preload": 0
		}
	},
	"trackBopType": 34
}