{
	"carName": "audi_r8_lms_evo_ii",
	"basicSetup":
	{
		"tyres":
		{
			"tyreCompound": 0,
			"tyrePressure": [ 49, 52, 45, 46 ]
		},
		"alignment":
		{
			"camber": [ 0, 0, 0, 0 ],
			"toe": [ 10, 10, 50, 50 ],
			"staticCamber": [ -4.2363615036010742, -4.2342634201049805, -3.5491998195648193, -3.5484185218811035 ],
			"toeOutLinear": [ 0.0008809651480987668, 0.00088095769751816988, 0.0003050540981348604, 0.000305056048091501 ],
			"casterLF": 34,
			"casterRF": 34,
			"steerRatio": 2
		},
		"electronics":
		{
			"tC1": 2,
			"tC2": 0,
			"abs": 3,
			"eCUMap": 0,
			"fuelMix": 0,
			"telemetryLaps": 5
		},
		"strategy":
		{
			"fuel": 108,
			"nPitStops": 0,
			"tyreSet": 1,
			"frontBrakePadCompound": 0,
			"rearBrakePadCompound": 0,
			"pitStrategy": [
				{
					"fuelToAdd": 0,
					"tyres":
					{
						"tyreCompound": 0,
						"tyrePressure": [ 45, 59, 49, 62 ]
					},
					"tyreSet": 2,
					"frontBrakePadCompound": 1,
					"rearBrakePadCompound": 1
				}
			],
			"fuelPerLap": 3.0020961761474609
		}
	},
	"advancedSetup":
	{
		"mechanicalBalance":
		{
			"aRBFront": 4,
			"aRBRear": 0,
			"wheelRate": [ 3, 3, 0, 0 ],
			"bumpStopRateUp": [ 16, 16, 2, 2 ],
			"bumpStopRateDn": [ 0, 0, 10, 10 ],
			"bumpStopWindow": [ 18, 18, 32, 32 ],
			"brakeTorque": 20,
			"brakeBias": 32
		},
		"dampers":
		{
			"bumpSlow": [ 21, 21, 25, 25 ],
			"bumpFast": [ 28, 28, 28, 28 ],
			"reboundSlow": [ 36, 36, 36, 36 ],
			"reboundFast": [ 33, 33, 40, 40 ]
		},
		"aeroBalance":
		{
			"rideHeight": [ 1, 6, 21, 18 ],
			"rodLength": [ 26.206855773925781, 26.206855773925781, 29.979974746704102, 29.979974746704102 ],
			"splitter": 0,
			"rearWing": 5,
			"brakeDuct": [ 3, 4 ]
		},
		"drivetrain":
		{
			"preload": 0
		}
	},
	"trackBopType": 34
}