{
	"carName": "audi_r8_lms_evo",
	"basicSetup":
	{
		"tyres":
		{
			"tyreCompound": 0,
			"tyrePressure": [ 55, 55, 51, 51 ]
		},
		"alignment":
		{
			"camber": [ 14, 14, 12, 12 ],
			"toe": [ 35, 35, 50, 50 ],
			"staticCamber": [ -3.792393684387207, -3.792396068572998, -3.6263766288757324, -3.6263785362243652 ],
			"toeOutLinear": [ 0.0003460571460891515, 0.00034608881105668843, 0.00035808366374112666, 0.00035808465327136219 ],
			"casterLF": 15,
			"casterRF": 15,
			"steerRatio": 4
		},
		"electronics":
		{
			"tC1": 6,
			"tC2": 0,
			"abs": 6,
			"eCUMap": 1,
			"fuelMix": 0,
			"telemetryLaps": 0
		},
		"strategy":
		{
			"fuel": 60,
			"nPitStops": 0,
			"tyreSet": 0,
			"frontBrakePadCompound": 1,
			"rearBrakePadCompound": 1,
			"pitStrategy": [
				{
					"fuelToAdd": 0,
					"tyres":
					{
						"tyreCompound": 0,
						"tyrePressure": [ 0, 0, 0, 0 ]
					},
					"tyreSet": 2,
					"frontBrakePadCompound": 0,
					"rearBrakePadCompound": 0
				}
			],
			"fuelPerLap": 3.2300000190734863
		}
	},
	"advancedSetup":
	{
		"mechanicalBalance":
		{
			"aRBFront": 3,
			"aRBRear": 1,
			"wheelRate": [ 2, 2, 2, 2 ],
			"bumpStopRateUp": [ 10, 10, 0, 0 ],
			"bumpStopRateDn": [ 0, 0, 10, 10 ],
			"bumpStopWindow": [ 0, 0, 60, 60 ],
			"brakeTorque": 20,
			"brakeBias": 65
		},
		"dampers":
		{
			"bumpSlow": [ 15, 15, 10, 10 ],
			"bumpFast": [ 3, 3, 4, 4 ],
			"reboundSlow": [ 24, 24, 10, 10 ],
			"reboundFast": [ 30, 30, 10, 10 ]
		},
		"aeroBalance":
		{
			"rideHeight": [ 9, 6, 9, 18 ],
			"rodLength": [ 34.733669281005859, 34.733669281005859, 11.784080505371094, 11.784080505371094 ],
			"splitter": 0,
			"rearWing": 1,
			"brakeDuct": [ 4, 4 ]
		},
		"drivetrain":
		{
			"preload": 1
		}
	},
	"trackBopType": 6
}