{
	"carName": "audi_r8_lms_evo",
	"basicSetup":
	{
		"tyres":
		{
			"tyreCompound": 1,
			"tyrePressure": [ 72, 72, 71, 71 ]
		},
		"alignment":
		{
			"camber": [ 4, 4, 0, 0 ],
			"toe": [ 35, 35, 50, 50 ],
			"staticCamber": [ -3.7906651496887207, -3.7906630039215088, -3.3099093437194824, -3.3099074363708496 ],
			"toeOutLinear": [ 0.00034251020406372845, 0.00034250103635713458, 0.00036075597745366395, 0.00036076159449294209 ],
			"casterLF": 15,
			"casterRF": 15,
			"steerRatio": 4
		},
		"electronics":
		{
			"tC1": 8,
			"tC2": 0,
			"abs": 10,
			"eCUMap": 6,
			"fuelMix": 0,
			"telemetryLaps": 0
		},
		"strategy":
		{
			"fuel": 31,
			"nPitStops": 0,
			"tyreSet": 0,
			"frontBrakePadCompound": 2,
			"rearBrakePadCompound": 2,
			"pitStrategy": [
				{
					"fuelToAdd": 0,
					"tyres":
					{
						"tyreCompound": 0,
						"tyrePressure": [ 72, 72, 71, 71 ]
					},
					"tyreSet": 2,
					"frontBrakePadCompound": 2,
					"rearBrakePadCompound": 2
				}
			],
			"fuelPerLap": 3.2300000190734863
		}
	},
	"advancedSetup":
	{
		"mechanicalBalance":
		{
			"aRBFront": 3,
			"aRBRear": 0,
			"wheelRate": [ 2, 2, 0, 0 ],
			"bumpStopRateUp": [ 10, 10, 0, 0 ],
			"bumpStopRateDn": [ 0, 0, 10, 10 ],
			"bumpStopWindow": [ 0, 0, 10, 10 ],
			"brakeTorque": 20,
			"brakeBias": 35
		},
		"dampers":
		{
			"bumpSlow": [ 15, 15, 10, 10 ],
			"bumpFast": [ 12, 12, 10, 10 ],
			"reboundSlow": [ 24, 24, 15, 15 ],
			"reboundFast": [ 23, 23, 20, 20 ]
		},
		"aeroBalance":
		{
			"rideHeight": [ 9, 6, 9, 18 ],
			"rodLength": [ 34.117954254150391, 34.117954254150391, 16.189689636230469, 16.189689636230469 ],
			"splitter": 0,
			"rearWing": 2,
			"brakeDuct": [ 4, 4 ]
		},
		"drivetrain":
		{
			"preload": 6
		}
	},
	"trackBopType": 31
}