{
	"carName": "ferrari_488_gt3_evo",
	"basicSetup":
	{
		"tyres":
		{
			"tyreCompound": 0,
			"tyrePressure": [ 58, 67, 53, 61 ]
		},
		"alignment":
		{
			"camber": [ 0, 0, 0, 0 ],
			"toe": [ 24, 24, 28, 28 ],
			"staticCamber": [ -3.1949479579925537, -3.190803050994873, -2.365670919418335, -2.3594670295715332 ],
			"toeOutLinear": [ 0.0011319201439619064, 0.0011319075711071491, -0.00089947081869468093, -0.00089937919983640313 ],
			"casterLF": 52,
			"casterRF": 52,
			"steerRatio": 3
		},
		"electronics":
		{
			"tC1": 9,
			"tC2": 0,
			"abs": 5,
			"eCUMap": 0,
			"fuelMix": 0,
			"telemetryLaps": 10
		},
		"strategy":
		{
			"fuel": 46,
			"nPitStops": 0,
			"tyreSet": 2,
			"frontBrakePadCompound": 0,
			"rearBrakePadCompound": 0,
			"pitStrategy": [
				{
					"fuelToAdd": 58,
					"tyres":
					{
						"tyreCompound": 0,
						"tyrePressure": [ 58, 67, 53, 61 ]
					},
					"tyreSet": 2,
					"frontBrakePadCompound": 0,
					"rearBrakePadCompound": 0
				},
				{
					"fuelToAdd": 110,
					"tyres":
					{
						"tyreCompound": 1,
						"tyrePressure": [ 79, 83, 81, 84 ]
					},
					"tyreSet": 2,
					"frontBrakePadCompound": 1,
					"rearBrakePadCompound": 1
				}
			],
			"fuelPerLap": 3.18463134765625
		}
	},
	"advancedSetup":
	{
		"mechanicalBalance":
		{
			"aRBFront": 36,
			"aRBRear": 23,
			"wheelRate": [ 7, 7, 4, 4 ],
			"bumpStopRateUp": [ 5, 5, 2, 2 ],
			"bumpStopRateDn": [ 0, 0, 10, 10 ],
			"bumpStopWindow": [ 5, 5, 10, 10 ],
			"brakeTorque": 20,
			"brakeBias": 20
		},
		"dampers":
		{
			"bumpSlow": [ 10, 10, 3, 3 ],
			"bumpFast": [ 8, 8, 9, 9 ],
			"reboundSlow": [ 6, 6, 10, 10 ],
			"reboundFast": [ 5, 5, 12, 12 ]
		},
		"aeroBalance":
		{
			"rideHeight": [ 5, 6, 6, 18 ],
			"rodLength": [ -28.729368209838867, -28.729368209838867, -21.201532363891602, -21.201532363891602 ],
			"splitter": 0,
			"rearWing": 0,
			"brakeDuct": [ 3, 2 ]
		},
		"drivetrain":
		{
			"preload": 14
		}
	},
	"trackBopType": 31
}