{
	"carName": "ferrari_488_gt3_evo",
	"basicSetup":
	{
		"tyres":
		{
			"tyreCompound": 0,
			"tyrePressure": [ 64, 72, 62, 69 ]
		},
		"alignment":
		{
			"camber": [ 0, 0, 0, 0 ],
			"toe": [ 13, 13, 20, 20 ],
			"staticCamber": [ -3.203709602355957, -3.1999011039733887, -2.330646276473999, -2.3243348598480225 ],
			"toeOutLinear": [ 0.0015110004460439086, 0.0015109962550923228, -0.0010853011626750231, -0.0010852098930627108 ],
			"casterLF": 52,
			"casterRF": 52,
			"steerRatio": 4
		},
		"electronics":
		{
			"tC1": 5,
			"tC2": 8,
			"abs": 5,
			"eCUMap": 0,
			"fuelMix": 0,
			"telemetryLaps": 99
		},
		"strategy":
		{
			"fuel": 108,
			"nPitStops": 0,
			"tyreSet": 14,
			"frontBrakePadCompound": 1,
			"rearBrakePadCompound": 1,
			"pitStrategy": [
				{
					"fuelToAdd": 110,
					"tyres":
					{
						"tyreCompound": 0,
						"tyrePressure": [ 64, 72, 62, 69 ]
					},
					"tyreSet": 2,
					"frontBrakePadCompound": 1,
					"rearBrakePadCompound": 1
				},
				{
					"fuelToAdd": 110,
					"tyres":
					{
						"tyreCompound": 1,
						"tyrePressure": [ 79, 83, 81, 84 ]
					},
					"tyreSet": 2,
					"frontBrakePadCompound": 1,
					"rearBrakePadCompound": 1
				}
			],
			"fuelPerLap": 3.3059310913085938
		}
	},
	"advancedSetup":
	{
		"mechanicalBalance":
		{
			"aRBFront": 30,
			"aRBRear": 9,
			"wheelRate": [ 7, 7, 4, 4 ],
			"bumpStopRateUp": [ 6, 6, 5, 5 ],
			"bumpStopRateDn": [ 0, 0, 10, 10 ],
			"bumpStopWindow": [ 6, 6, 8, 8 ],
			"brakeTorque": 20,
			"brakeBias": 7
		},
		"dampers":
		{
			"bumpSlow": [ 10, 10, 3, 3 ],
			"bumpFast": [ 12, 12, 12, 12 ],
			"reboundSlow": [ 6, 6, 9, 9 ],
			"reboundFast": [ 10, 10, 11, 11 ]
		},
		"aeroBalance":
		{
			"rideHeight": [ 4, 6, 5, 18 ],
			"rodLength": [ -28.58857536315918, -28.58857536315918, -20.28376579284668, -20.28376579284668 ],
			"splitter": 0,
			"rearWing": 1,
			"brakeDuct": [ 2, 2 ]
		},
		"drivetrain":
		{
			"preload": 0
		}
	},
	"trackBopType": 31
}