{
	"carName": "ferrari_296_gt3",
	"basicSetup":
	{
		"tyres":
		{
			"tyreCompound": 0,
			"tyrePressure": [ 58, 67, 46, 52 ]
		},
		"alignment":
		{
			"camber": [ 3, 3, 1, 1 ],
			"toe": [ 35, 35, 45, 45 ],
			"staticCamber": [ -4.4583320617675781, -4.452794075012207, -4.289769172668457, -4.2848186492919922 ],
			"toeOutLinear": [ -0.00051703833742067218, -0.00051703181816264987, 0.0001608604216016829, 0.00016084992967080325 ],
			"casterLF": 30,
			"casterRF": 30,
			"steerRatio": 1
		},
		"electronics":
		{
			"tC1": 6,
			"tC2": 0,
			"abs": 3,
			"eCUMap": 0,
			"fuelMix": 0,
			"telemetryLaps": 0
		},
		"strategy":
		{
			"fuel": 48,
			"nPitStops": 0,
			"tyreSet": 0,
			"frontBrakePadCompound": 0,
			"rearBrakePadCompound": 0,
			"pitStrategy": [
				{
					"fuelToAdd": 0,
					"tyres":
					{
						"tyreCompound": 0,
						"tyrePressure": [ 58, 67, 46, 52 ]
					},
					"tyreSet": 2,
					"frontBrakePadCompound": 1,
					"rearBrakePadCompound": 1
				}
			],
			"fuelPerLap": 2.9738414287567139
		}
	},
	"advancedSetup":
	{
		"mechanicalBalance":
		{
			"aRBFront": 4,
			"aRBRear": 1,
			"wheelRate": [ 4, 4, 1, 1 ],
			"bumpStopRateUp": [ 9, 9, 6, 6 ],
			"bumpStopRateDn": [ 0, 0, 10, 10 ],
			"bumpStopWindow": [ 1, 1, 20, 20 ],
			"brakeTorque": 20,
			"brakeBias": 35
		},
		"dampers":
		{
			"bumpSlow": [ 4, 4, 3, 3 ],
			"bumpFast": [ 2, 2, 3, 3 ],
			"reboundSlow": [ 4, 4, 6, 6 ],
			"reboundFast": [ 7, 7, 6, 6 ]
		},
		"aeroBalance":
		{
			"rideHeight": [ 6, 6, 0, 18 ],
			"rodLength": [ 40.275680541992188, 40.275680541992188, 34.401618957519531, 34.401618957519531 ],
			"splitter": 0,
			"rearWing": 3,
			"brakeDuct": [ 3, 2 ]
		},
		"drivetrain":
		{
			"preload": 13
		}
	},
	"trackBopType": 31
}