{
	"carName": "ferrari_488_gt3",
	"basicSetup":
	{
		"tyres":
		{
			"tyreCompound": 0,
			"tyrePressure": [ 66, 66, 55, 55 ]
		},
		"alignment":
		{
			"camber": [ 16, 16, 16, 16 ],
			"toe": [ 35, 35, 60, 60 ],
			"staticCamber": [ -2.1227960586547852, -2.1229848861694336, -2.3157241344451904, -2.315725564956665 ],
			"toeOutLinear": [ -0.00020493169722612947, -0.0002050149196293205, -0.00018011312931776047, -0.00018009758787229657 ],
			"casterLF": 48,
			"casterRF": 48,
			"steerRatio": 4
		},
		"electronics":
		{
			"tC1": 5,
			"tC2": 4,
			"abs": 3,
			"eCUMap": 0,
			"fuelMix": 0,
			"telemetryLaps": 0
		},
		"strategy":
		{
			"fuel": 0,
			"nPitStops": 0,
			"tyreSet": 0,
			"frontBrakePadCompound": 1,
			"rearBrakePadCompound": 1,
			"pitStrategy": [
				{
					"fuelToAdd": 0,
					"tyres":
					{
						"tyreCompound": 0,
						"tyrePressure": [ 0, 0, 0, 0 ]
					},
					"tyreSet": 2,
					"frontBrakePadCompound": 0,
					"rearBrakePadCompound": 0
				}
			],
			"fuelPerLap": 3.0999999046325684
		}
	},
	"advancedSetup":
	{
		"mechanicalBalance":
		{
			"aRBFront": 28,
			"aRBRear": 4,
			"wheelRate": [ 8, 8, 4, 4 ],
			"bumpStopRateUp": [ 10, 10, 7, 7 ],
			"bumpStopRateDn": [ 0, 0, 10, 10 ],
			"bumpStopWindow": [ 6, 6, 54, 54 ],
			"brakeTorque": 20,
			"brakeBias": 65
		},
		"dampers":
		{
			"bumpSlow": [ 10, 10, 9, 9 ],
			"bumpFast": [ 3, 3, 3, 3 ],
			"reboundSlow": [ 6, 6, 5, 5 ],
			"reboundFast": [ 5, 5, 6, 6 ]
		},
		"aeroBalance":
		{
			"rideHeight": [ 0, 6, 6, 18 ],
			"rodLength": [ -37.235034942626953, -37.235034942626953, -23.322639465332031, -23.322639465332031 ],
			"splitter": 0,
			"rearWing": 0,
			"brakeDuct": [ 3, 3 ]
		},
		"drivetrain":
		{
			"preload": 19
		}
	},
	"trackBopType": 6
}