{
	"carName": "mclaren_720s_gt3",
	"basicSetup":
	{
		"tyres":
		{
			"tyreCompound": 0,
			"tyrePressure": [ 58, 69, 54, 63 ]
		},
		"alignment":
		{
			"camber": [ 0, 0, 0, 0 ],
			"toe": [ 39, 39, 25, 25 ],
			"staticCamber": [ -4.6097841262817383, -4.605069637298584, -4.5184993743896484, -4.5115470886230469 ],
			"toeOutLinear": [ 0.0015920861624181271, 0.0015921163139864802, 0.00054508150788024068, 0.00054499367251992226 ],
			"casterLF": 11,
			"casterRF": 11,
			"steerRatio": 1
		},
		"electronics":
		{
			"tC1": 2,
			"tC2": 6,
			"abs": 3,
			"eCUMap": 0,
			"fuelMix": 0,
			"telemetryLaps": 99
		},
		"strategy":
		{
			"fuel": 60,
			"nPitStops": 0,
			"tyreSet": 0,
			"frontBrakePadCompound": 1,
			"rearBrakePadCompound": 1,
			"pitStrategy": [
				{
					"fuelToAdd": 0,
					"tyres":
					{
						"tyreCompound": 0,
						"tyrePressure": [ 46, 59, 37, 50 ]
					},
					"tyreSet": 2,
					"frontBrakePadCompound": 1,
					"rearBrakePadCompound": 1
				}
			],
			"fuelPerLap": 2.2120590209960938
		}
	},
	"advancedSetup":
	{
		"mechanicalBalance":
		{
			"aRBFront": 10,
			"aRBRear": 7,
			"wheelRate": [ 2, 2, 3, 3 ],
			"bumpStopRateUp": [ 5, 5, 7, 7 ],
			"bumpStopRateDn": [ 0, 0, 10, 10 ],
			"bumpStopWindow": [ 1, 1, 50, 50 ],
			"brakeTorque": 20,
			"brakeBias": 35
		},
		"dampers":
		{
			"bumpSlow": [ 27, 29, 37, 37 ],
			"bumpFast": [ 33, 33, 25, 25 ],
			"reboundSlow": [ 20, 17, 22, 22 ],
			"reboundFast": [ 18, 18, 27, 27 ]
		},
		"aeroBalance":
		{
			"rideHeight": [ 3, 6, 13, 18 ],
			"rodLength": [ 61.954551696777344, 61.954551696777344, 44.333080291748047, 44.333080291748047 ],
			"splitter": 0,
			"rearWing": 6,
			"brakeDuct": [ 4, 3 ]
		},
		"drivetrain":
		{
			"preload": 6
		}
	},
	"trackBopType": 28
}