{
	"carName": "mclaren_720s_gt3",
	"basicSetup":
	{
		"tyres":
		{
			"tyreCompound": 0,
			"tyrePressure": [ 48, 57, 47, 58 ]
		},
		"alignment":
		{
			"camber": [ 0, 0, 0, 0 ],
			"toe": [ 39, 39, 23, 25 ],
			"staticCamber": [ -4.6142253875732422, -4.6088271141052246, -4.4808111190795898, -4.4726729393005371 ],
			"toeOutLinear": [ 0.0015972476685419679, 0.0015972607070580125, 0.00049299100646749139, 0.00053767254576086998 ],
			"casterLF": 11,
			"casterRF": 11,
			"steerRatio": 1
		},
		"electronics":
		{
			"tC1": 3,
			"tC2": 6,
			"abs": 3,
			"eCUMap": 0,
			"fuelMix": 0,
			"telemetryLaps": 99
		},
		"strategy":
		{
			"fuel": 40,
			"nPitStops": 0,
			"tyreSet": 1,
			"frontBrakePadCompound": 1,
			"rearBrakePadCompound": 1,
			"pitStrategy": [
				{
					"fuelToAdd": 0,
					"tyres":
					{
						"tyreCompound": 0,
						"tyrePressure": [ 48, 57, 47, 58 ]
					},
					"tyreSet": 2,
					"frontBrakePadCompound": 1,
					"rearBrakePadCompound": 1
				}
			],
			"fuelPerLap": 2.2526969909667969
		}
	},
	"advancedSetup":
	{
		"mechanicalBalance":
		{
			"aRBFront": 10,
			"aRBRear": 7,
			"wheelRate": [ 2, 2, 4, 4 ],
			"bumpStopRateUp": [ 5, 5, 7, 7 ],
			"bumpStopRateDn": [ 0, 0, 10, 10 ],
			"bumpStopWindow": [ 5, 6, 50, 50 ],
			"brakeTorque": 20,
			"brakeBias": 35
		},
		"dampers":
		{
			"bumpSlow": [ 27, 29, 36, 36 ],
			"bumpFast": [ 33, 33, 30, 30 ],
			"reboundSlow": [ 20, 17, 16, 16 ],
			"reboundFast": [ 18, 18, 33, 33 ]
		},
		"aeroBalance":
		{
			"rideHeight": [ 3, 6, 12, 18 ],
			"rodLength": [ 60.7283935546875, 60.7283935546875, 41.603328704833984, 41.603328704833984 ],
			"splitter": 0,
			"rearWing": 6,
			"brakeDuct": [ 3, 2 ]
		},
		"drivetrain":
		{
			"preload": 6
		}
	},
	"trackBopType": 36
}