{
	"carName": "audi_r8_lms_evo_ii",
	"basicSetup":
	{
		"tyres":
		{
			"tyreCompound": 0,
			"tyrePressure": [ 47, 55, 44, 50 ]
		},
		"alignment":
		{
			"camber": [ 0, 0, 0, 0 ],
			"toe": [ 10, 10, 45, 50 ],
			"staticCamber": [ -4.286008358001709, -4.2804985046386719, -3.6126172542572021, -3.5884191989898682 ],
			"toeOutLinear": [ 0.00096849637338891625, 0.00096852571005001664, 0.00013363460311666131, 0.0002993940724991262 ],
			"casterLF": 34,
			"casterRF": 34,
			"steerRatio": 3
		},
		"electronics":
		{
			"tC1": 1,
			"tC2": 0,
			"abs": 4,
			"eCUMap": 0,
			"fuelMix": 0,
			"telemetryLaps": 50
		},
		"strategy":
		{
			"fuel": 106,
			"nPitStops": 0,
			"tyreSet": 12,
			"frontBrakePadCompound": 0,
			"rearBrakePadCompound": 0,
			"pitStrategy": [
				{
					"fuelToAdd": 0,
					"tyres":
					{
						"tyreCompound": 0,
						"tyrePressure": [ 56, 56, 53, 54 ]
					},
					"tyreSet": 2,
					"frontBrakePadCompound": 1,
					"rearBrakePadCompound": 1
				}
			],
			"fuelPerLap": 2.4017195701599121
		}
	},
	"advancedSetup":
	{
		"mechanicalBalance":
		{
			"aRBFront": 3,
			"aRBRear": 0,
			"wheelRate": [ 5, 5, 0, 0 ],
			"bumpStopRateUp": [ 0, 0, 0, 0 ],
			"bumpStopRateDn": [ 0, 0, 10, 10 ],
			"bumpStopWindow": [ 10, 10, 30, 30 ],
			"brakeTorque": 20,
			"brakeBias": 27
		},
		"dampers":
		{
			"bumpSlow": [ 10, 10, 0, 0 ],
			"bumpFast": [ 49, 49, 0, 0 ],
			"reboundSlow": [ 40, 40, 40, 40 ],
			"reboundFast": [ 49, 49, 49, 49 ]
		},
		"aeroBalance":
		{
			"rideHeight": [ 6, 6, 24, 18 ],
			"rodLength": [ 29.291311264038086, 29.291311264038086, 32.364475250244141, 32.364475250244141 ],
			"splitter": 0,
			"rearWing": 5,
			"brakeDuct": [ 3, 3 ]
		},
		"drivetrain":
		{
			"preload": 2
		}
	},
	"trackBopType": 36
}