{
	"carName": "audi_r8_lms_evo",
	"basicSetup":
	{
		"tyres":
		{
			"tyreCompound": 0,
			"tyrePressure": [ 51, 52, 44, 46 ]
		},
		"alignment":
		{
			"camber": [ 15, 15, 20, 20 ],
			"toe": [ 30, 30, 70, 70 ],
			"staticCamber": [ -3.6565556526184082, -3.6559178829193115, -2.7768728733062744, -2.7753951549530029 ],
			"toeOutLinear": [ 0.00037907762452960014, 0.00037912081461399794, 0.0010210104519501328, 0.0010210140608251095 ],
			"casterLF": 18,
			"casterRF": 18,
			"steerRatio": 3
		},
		"electronics":
		{
			"tC1": 4,
			"tC2": 0,
			"abs": 3,
			"eCUMap": 0,
			"fuelMix": 0,
			"telemetryLaps": 0
		},
		"strategy":
		{
			"fuel": 38,
			"nPitStops": 0,
			"tyreSet": 1,
			"frontBrakePadCompound": 0,
			"rearBrakePadCompound": 0,
			"pitStrategy": [
				{
					"fuelToAdd": 0,
					"tyres":
					{
						"tyreCompound": 0,
						"tyrePressure": [ 50, 50, 48, 48 ]
					},
					"tyreSet": 2,
					"frontBrakePadCompound": 1,
					"rearBrakePadCompound": 1
				}
			],
			"fuelPerLap": 3.9000000953674316
		}
	},
	"advancedSetup":
	{
		"mechanicalBalance":
		{
			"aRBFront": 3,
			"aRBRear": 2,
			"wheelRate": [ 2, 2, 2, 2 ],
			"bumpStopRateUp": [ 9, 9, 5, 5 ],
			"bumpStopRateDn": [ 0, 0, 10, 10 ],
			"bumpStopWindow": [ 9, 9, 35, 35 ],
			"brakeTorque": 20,
			"brakeBias": 45
		},
		"dampers":
		{
			"bumpSlow": [ 22, 22, 16, 16 ],
			"bumpFast": [ 33, 33, 33, 33 ],
			"reboundSlow": [ 21, 21, 31, 31 ],
			"reboundFast": [ 39, 39, 35, 35 ]
		},
		"aeroBalance":
		{
			"rideHeight": [ 2, 6, 11, 18 ],
			"rodLength": [ 26.712015151977539, 26.712015151977539, 11.981532096862793, 11.981532096862793 ],
			"splitter": 0,
			"rearWing": 5,
			"brakeDuct": [ 4, 3 ]
		},
		"drivetrain":
		{
			"preload": 8
		}
	},
	"trackBopType": 10
}