{
	"carName": "audi_r8_lms_evo_ii",
	"basicSetup":
	{
		"tyres":
		{
			"tyreCompound": 0,
			"tyrePressure": [ 46, 57, 39, 50 ]
		},
		"alignment":
		{
			"camber": [ 0, 0, 0, 0 ],
			"toe": [ 5, 5, 45, 45 ],
			"staticCamber": [ -4.240511417388916, -4.2332239151000977, -3.5780065059661865, -3.5700337886810303 ],
			"toeOutLinear": [ 0.00099149264860898256, 0.00099146738648414612, 0.00014399710926227272, 0.0001440060295863077 ],
			"casterLF": 34,
			"casterRF": 34,
			"steerRatio": 3
		},
		"electronics":
		{
			"tC1": 1,
			"tC2": 0,
			"abs": 4,
			"eCUMap": 0,
			"fuelMix": 0,
			"telemetryLaps": 50
		},
		"strategy":
		{
			"fuel": 12,
			"nPitStops": 0,
			"tyreSet": 3,
			"frontBrakePadCompound": 0,
			"rearBrakePadCompound": 0,
			"pitStrategy": [
				{
					"fuelToAdd": 0,
					"tyres":
					{
						"tyreCompound": 0,
						"tyrePressure": [ 53, 53, 52, 52 ]
					},
					"tyreSet": 2,
					"frontBrakePadCompound": 1,
					"rearBrakePadCompound": 1
				}
			],
			"fuelPerLap": 3.3085756301879883
		}
	},
	"advancedSetup":
	{
		"mechanicalBalance":
		{
			"aRBFront": 4,
			"aRBRear": 0,
			"wheelRate": [ 5, 5, 0, 0 ],
			"bumpStopRateUp": [ 7, 7, 0, 0 ],
			"bumpStopRateDn": [ 0, 0, 10, 10 ],
			"bumpStopWindow": [ 3, 3, 21, 21 ],
			"brakeTorque": 20,
			"brakeBias": 35
		},
		"dampers":
		{
			"bumpSlow": [ 10, 10, 0, 0 ],
			"bumpFast": [ 0, 0, 5, 5 ],
			"reboundSlow": [ 40, 40, 40, 40 ],
			"reboundFast": [ 0, 0, 49, 49 ]
		},
		"aeroBalance":
		{
			"rideHeight": [ 0, 6, 22, 18 ],
			"rodLength": [ 22.4278564453125, 22.4278564453125, 27.967084884643555, 27.967084884643555 ],
			"splitter": 0,
			"rearWing": 5,
			"brakeDuct": [ 3, 3 ]
		},
		"drivetrain":
		{
			"preload": 0
		}
	},
	"trackBopType": 27
}