{
	"carName": "audi_r8_lms_evo_ii",
	"basicSetup":
	{
		"tyres":
		{
			"tyreCompound": 0,
			"tyrePressure": [ 44, 52, 39, 46 ]
		},
		"alignment":
		{
			"camber": [ 0, 0, 0, 0 ],
			"toe": [ 18, 18, 58, 58 ],
			"staticCamber": [ -4.2264466285705566, -4.2208189964294434, -3.5219001770019531, -3.5163836479187012 ],
			"toeOutLinear": [ 0.00071291252970695496, 0.00071293878136202693, 0.00056508614215999842, 0.00056506821420043707 ],
			"casterLF": 34,
			"casterRF": 34,
			"steerRatio": 2
		},
		"electronics":
		{
			"tC1": 1,
			"tC2": 0,
			"abs": 3,
			"eCUMap": 0,
			"fuelMix": 0,
			"telemetryLaps": 5
		},
		"strategy":
		{
			"fuel": 108,
			"nPitStops": 0,
			"tyreSet": 1,
			"frontBrakePadCompound": 0,
			"rearBrakePadCompound": 0,
			"pitStrategy": [
				{
					"fuelToAdd": 0,
					"tyres":
					{
						"tyreCompound": 0,
						"tyrePressure": [ 45, 59, 49, 62 ]
					},
					"tyreSet": 2,
					"frontBrakePadCompound": 1,
					"rearBrakePadCompound": 1
				}
			],
			"fuelPerLap": 3.3318700790405273
		}
	},
	"advancedSetup":
	{
		"mechanicalBalance":
		{
			"aRBFront": 4,
			"aRBRear": 0,
			"wheelRate": [ 1, 1, 0, 0 ],
			"bumpStopRateUp": [ 8, 8, 2, 2 ],
			"bumpStopRateDn": [ 0, 0, 10, 10 ],
			"bumpStopWindow": [ 9, 9, 15, 15 ],
			"brakeTorque": 20,
			"brakeBias": 37
		},
		"dampers":
		{
			"bumpSlow": [ 21, 21, 25, 25 ],
			"bumpFast": [ 28, 28, 28, 28 ],
			"reboundSlow": [ 36, 36, 36, 36 ],
			"reboundFast": [ 33, 33, 40, 40 ]
		},
		"aeroBalance":
		{
			"rideHeight": [ 2, 6, 21, 18 ],
			"rodLength": [ 31.833225250244141, 31.833225250244141, 30.037542343139648, 30.037542343139648 ],
			"splitter": 0,
			"rearWing": 5,
			"brakeDuct": [ 3, 3 ]
		},
		"drivetrain":
		{
			"preload": 0
		}
	},
	"trackBopType": 27
}