{
	"carName": "audi_r8_lms_evo",
	"basicSetup":
	{
		"tyres":
		{
			"tyreCompound": 0,
			"tyrePressure": [ 59, 67, 54, 61 ]
		},
		"alignment":
		{
			"camber": [ 14, 14, 12, 12 ],
			"toe": [ 35, 35, 50, 50 ],
			"staticCamber": [ -3.7943649291992188, -3.7905242443084717, -3.6293816566467285, -3.6235883235931396 ],
			"toeOutLinear": [ 0.00034616011544130743, 0.00034617597702890635, 0.00035806072992272675, 0.00035807499079965055 ],
			"casterLF": 15,
			"casterRF": 15,
			"steerRatio": 4
		},
		"electronics":
		{
			"tC1": 4,
			"tC2": 0,
			"abs": 4,
			"eCUMap": 0,
			"fuelMix": 0,
			"telemetryLaps": 0
		},
		"strategy":
		{
			"fuel": 58,
			"nPitStops": 0,
			"tyreSet": 1,
			"frontBrakePadCompound": 0,
			"rearBrakePadCompound": 0,
			"pitStrategy": [
				{
					"fuelToAdd": 0,
					"tyres":
					{
						"tyreCompound": 0,
						"tyrePressure": [ 55, 55, 51, 51 ]
					},
					"tyreSet": 2,
					"frontBrakePadCompound": 0,
					"rearBrakePadCompound": 0
				}
			],
			"fuelPerLap": 3.2300000190734863
		}
	},
	"advancedSetup":
	{
		"mechanicalBalance":
		{
			"aRBFront": 3,
			"aRBRear": 1,
			"wheelRate": [ 2, 2, 2, 2 ],
			"bumpStopRateUp": [ 10, 10, 0, 0 ],
			"bumpStopRateDn": [ 0, 0, 10, 10 ],
			"bumpStopWindow": [ 0, 0, 60, 60 ],
			"brakeTorque": 20,
			"brakeBias": 40
		},
		"dampers":
		{
			"bumpSlow": [ 15, 15, 10, 10 ],
			"bumpFast": [ 3, 3, 4, 4 ],
			"reboundSlow": [ 24, 24, 10, 10 ],
			"reboundFast": [ 30, 30, 10, 10 ]
		},
		"aeroBalance":
		{
			"rideHeight": [ 9, 6, 9, 18 ],
			"rodLength": [ 34.726772308349609, 34.726772308349609, 11.758562088012695, 11.758562088012695 ],
			"splitter": 0,
			"rearWing": 1,
			"brakeDuct": [ 4, 4 ]
		},
		"drivetrain":
		{
			"preload": 1
		}
	},
	"trackBopType": 6
}