{
	"carName": "audi_r8_lms_evo",
	"basicSetup":
	{
		"tyres":
		{
			"tyreCompound": 0,
			"tyrePressure": [ 59, 67, 54, 61 ]
		},
		"alignment":
		{
			"camber": [ 0, 14, 0, 0 ],
			"toe": [ 35, 35, 50, 50 ],
			"staticCamber": [ -5.2567710876464844, -3.8150515556335449, -4.84381103515625, -4.8379383087158203 ],
			"toeOutLinear": [ 0.00043058468145318329, 0.00042828271398320794, 0.00035569217288866639, 0.00035559161915443838 ],
			"casterLF": 34,
			"casterRF": 34,
			"steerRatio": 4
		},
		"electronics":
		{
			"tC1": 3,
			"tC2": 0,
			"abs": 4,
			"eCUMap": 0,
			"fuelMix": 0,
			"telemetryLaps": 0
		},
		"strategy":
		{
			"fuel": 58,
			"nPitStops": 0,
			"tyreSet": 0,
			"frontBrakePadCompound": 0,
			"rearBrakePadCompound": 0,
			"pitStrategy": [
				{
					"fuelToAdd": 0,
					"tyres":
					{
						"tyreCompound": 0,
						"tyrePressure": [ 55, 55, 51, 51 ]
					},
					"tyreSet": 2,
					"frontBrakePadCompound": 0,
					"rearBrakePadCompound": 0
				}
			],
			"fuelPerLap": 3.2300000190734863
		}
	},
	"advancedSetup":
	{
		"mechanicalBalance":
		{
			"aRBFront": 3,
			"aRBRear": 1,
			"wheelRate": [ 2, 2, 2, 2 ],
			"bumpStopRateUp": [ 10, 10, 0, 0 ],
			"bumpStopRateDn": [ 0, 0, 10, 10 ],
			"bumpStopWindow": [ 0, 0, 60, 60 ],
			"brakeTorque": 20,
			"brakeBias": 40
		},
		"dampers":
		{
			"bumpSlow": [ 0, 0, 0, 0 ],
			"bumpFast": [ 0, 0, 0, 0 ],
			"reboundSlow": [ 40, 40, 40, 40 ],
			"reboundFast": [ 49, 49, 49, 49 ]
		},
		"aeroBalance":
		{
			"rideHeight": [ 9, 6, 9, 18 ],
			"rodLength": [ 35.381793975830078, 35.381793975830078, 12.517245292663574, 12.517245292663574 ],
			"splitter": 0,
			"rearWing": 1,
			"brakeDuct": [ 4, 4 ]
		},
		"drivetrain":
		{
			"preload": 1
		}
	},
	"trackBopType": 6
}