{
	"carName": "audi_r8_lms_evo_ii",
	"basicSetup":
	{
		"tyres":
		{
			"tyreCompound": 0,
			"tyrePressure": [ 53, 59, 48, 53 ]
		},
		"alignment":
		{
			"camber": [ 0, 0, 0, 0 ],
			"toe": [ 20, 20, 22, 22 ],
			"staticCamber": [ -4.2011661529541016, -4.1973915100097656, -3.4247708320617676, -3.4211633205413818 ],
			"toeOutLinear": [ 0.00063629873329773545, 0.00063629413489252329, -0.00056328153004869819, -0.00056328665232285857 ],
			"casterLF": 32,
			"casterRF": 32,
			"steerRatio": 2
		},
		"electronics":
		{
			"tC1": 1,
			"tC2": 0,
			"abs": 2,
			"eCUMap": 0,
			"fuelMix": 0,
			"telemetryLaps": 5
		},
		"strategy":
		{
			"fuel": 10,
			"nPitStops": 0,
			"tyreSet": 21,
			"frontBrakePadCompound": 0,
			"rearBrakePadCompound": 0,
			"pitStrategy": [
				{
					"fuelToAdd": 0,
					"tyres":
					{
						"tyreCompound": 0,
						"tyrePressure": [ 55, 65, 55, 62 ]
					},
					"tyreSet": 2,
					"frontBrakePadCompound": 1,
					"rearBrakePadCompound": 1
				}
			],
			"fuelPerLap": 3.3829641342163086
		}
	},
	"advancedSetup":
	{
		"mechanicalBalance":
		{
			"aRBFront": 4,
			"aRBRear": 3,
			"wheelRate": [ 1, 1, 0, 0 ],
			"bumpStopRateUp": [ 0, 0, 0, 0 ],
			"bumpStopRateDn": [ 0, 0, 10, 10 ],
			"bumpStopWindow": [ 4, 4, 15, 15 ],
			"brakeTorque": 20,
			"brakeBias": 26
		},
		"dampers":
		{
			"bumpSlow": [ 10, 10, 14, 14 ],
			"bumpFast": [ 13, 13, 15, 15 ],
			"reboundSlow": [ 38, 38, 34, 34 ],
			"reboundFast": [ 41, 41, 40, 40 ]
		},
		"aeroBalance":
		{
			"rideHeight": [ 1, 6, 9, 18 ],
			"rodLength": [ 29.212226867675781, 29.212226867675781, 15.194823265075684, 15.194823265075684 ],
			"splitter": 0,
			"rearWing": 5,
			"brakeDuct": [ 2, 2 ]
		},
		"drivetrain":
		{
			"preload": 0
		}
	},
	"trackBopType": 31
}